<?xml version="1.0" encoding="UTF-8" ?>
<scene>
    
    <group>
        <scale X="300" Y="500" Z="500" /> <!-- sol -->
        <translate X="-590" />
        <models>
            <model file="sphere.3d" />
        </models>
    </group> 

    <group>
        <translate X="28" /> 
        <rotate angle="15" axisX="0" axisY="1" axisZ="0" />
        <scale X="1.7" Y="1.7" Z="1.7" /> <!-- mercurio -->

        <models>
            <model file="sphere.3d" />
        </models>
    </group>

    <group>
        <translate X="50" /> 
        <rotate angle="30" axisX="0" axisY="1" axisZ="0" />
        <scale X="4.3" Y="4.3" Z="4.3" /> <!-- venus -->

        <models>
            <model file="sphere.3d" />
        </models>
    </group>

    <group>
        <translate X="80" /> 
        <rotate angle="0" axisX="0" axisY="1" axisZ="0" />
        <scale X="4.5" Y="4.5" Z="4.5" /> <!-- terra -->

        <models>
            <model file="sphere.3d" />
        </models>

        <group>
            <translate Y="12" /> 
            <rotate angle="0" axisX="0" axisY="1" axisZ="0" />
            <scale X="1.2" Y="1.2" Z="1.2" /> <!-- lua  -->

            <models>
                <model file="sphere.3d" />
            </models>
        </group>
    </group>

    <group>
        <translate X="100" Y="0" Z="0"/> 
        <rotate angle="75" axisX="0" axisY="1" axisZ="0" />
        <scale X="2.4" Y="2.4" Z="2.4" /> <!-- marte -->

        <models>
            <model file="sphere.3d" />
        </models>
    </group>

    <group>
        <translate X="230" /> 
        <rotate angle="90" axisX="0" axisY="1" axisZ="0" />
        <scale X="50.1" Y="50.1" Z="50.1" /> <!-- jupiter -->

        <models>
            <model file="sphere.3d" />
        </models>

        <group>
            <translate Y="50" Z="130"/> 
            <rotate angle="15" axisX="0" axisY="1" axisZ="0" />
            <scale X="1.2" Y="1.2" Z="1.2" /> <!-- lua europa -->

            <models>
                <model file="sphere.3d" />
            </models>
        </group>

        <group>
            <translate Y="130" Z ="90"/> 
            <rotate angle="30" axisX="0" axisY="1" axisZ="0" />
            <scale X="1.2" Y="1.2" Z="1.2" /> <!-- lua IO -->

            <models>
                <model file="sphere.3d" />
            </models>
        </group>

        <group>
            <translate Y="90" Z="140"/> 
            <rotate angle="45" axisX="0" axisY="1" axisZ="0" />
            <scale X="1.5" Y="1.5" Z="1.5" /> <!-- lua Ganimedes -->

            <models>
                <model file="sphere.3d" />
            </models>
        </group>

        <group>
            <translate Y="100" Z="130"/> 
            <rotate angle="60" axisX="0" axisY="1" axisZ="0" />
            <scale X="1.5" Y="1.5" Z="1.5" /> <!--lua calisto-->

            <models>
                <model file="sphere.3d" />
            </models>
        </group>
    </group>

    <group>
        <translate X="500" Y="0" Z="0"/> 
        <rotate angle="45" axisX="0" axisY="1" axisZ="0" />
        <scale X="42" Y="42" Z="42" /> <!-- saturno -->

        <models>
            <model file="sphere.3d" />
        </models>

        <group>
            
            <rotate angle="30" axisX="0" axisY="1" axisZ="1" />
            <scale X="60" Y="1.5" Z="60" /> <!-- anel -->

            <models>
                <model file="sphere.3d" />
            </models>
        </group>

        <group>
            <translate Y="100" /> 
            <rotate angle="120" axisX="0" axisY="1" axisZ="0" />
            <scale X="1.5" Y="1.5" Z="1.5" /> <!-- lua tita -->

            <models>
                <model file="sphere.3d" />
            </models>
        </group>


    </group>

    <group>
        <translate X="702" Y="0" Z="0"/> 
        <rotate angle="135" axisX="0" axisY="1" axisZ="0" />
        <scale X="16.8" Y="16.8" Z="16.8" /> <!-- urano -->
        <models>                        
            <model file="sphere.3d" />
        </models>
        
    </group>

    <group>
        <translate X="800" Y="0" Z="0"/> 
        <rotate angle="150" axisX="0" axisY="1" axisZ="0" />
        <scale X="16.3" Y="16.3" Z="16.3" /> <!-- neptuno -->

        <models>
            <model file="sphere.3d" />
        </models>

        <group>
            <translate Y="60" /> 
            <rotate angle="165" axisX="0" axisY="1" axisZ="0" />
            <scale X="1.1" Y="1.1" Z="1.1" /> <!-- lua tritao -->

            <models>
                <model file="sphere.3d" />
            </models>
        </group>
    </group>
</scene>

